{"cameraMode":{"drawMode":0,"name":"Shaded","section":"Shading Mode"},"sceneLighting":true,"audioPlay":false,"sceneViewState":{"m_AlwaysRefresh":false,"showFog":true,"showSkybox":true,"showFlares":true,"showImageEffects":true,"showParticleSystems":true,"showVisualEffectGraphs":true,"m_FxEnabled":true},"in2DMode":false,"pivot":{"x":2.0991485118865969,"y":2.733860492706299,"z":1.261631965637207},"rotation":{"x":0.13024191558361054,"y":0.058276236057281497,"z":-0.00787065364420414,"w":0.9900558590888977},"size":8.919140815734864,"orthographic":false}