{"cameraMode":{"drawMode":0,"name":"Shaded","section":"Shading Mode"},"sceneLighting":true,"audioPlay":false,"sceneViewState":{"m_AlwaysRefresh":false,"showFog":true,"showSkybox":true,"showFlares":true,"showImageEffects":true,"showParticleSystems":true,"showVisualEffectGraphs":true,"m_FxEnabled":true},"in2DMode":false,"pivot":{"x":-40.66885757446289,"y":16.248199462890626,"z":7.452908039093018},"rotation":{"x":-0.021094726398587228,"y":-0.033084046095609668,"z":0.0005701284972019494,"w":-0.9993787407875061},"size":16.654043197631837,"orthographic":false}