{"cameraMode":{"drawMode":0,"name":"Shaded","section":"Shading Mode"},"sceneLighting":true,"audioPlay":false,"sceneViewState":{"m_AlwaysRefresh":false,"showFog":true,"showSkybox":true,"showFlares":true,"showImageEffects":true,"showParticleSystems":true,"showVisualEffectGraphs":true,"m_FxEnabled":true},"in2DMode":false,"pivot":{"x":1.6750612258911133,"y":32.76847839355469,"z":-4.302746772766113},"rotation":{"x":0.32802045345306399,"y":0.40899497270584109,"z":-0.16073065996170045,"w":0.8366199135780335},"size":15.178470611572266,"orthographic":false}