{"cameraMode":{"drawMode":0,"name":"Shaded","section":"Shading Mode"},"sceneLighting":true,"audioPlay":false,"sceneViewState":{"m_AlwaysRefresh":false,"showFog":true,"showSkybox":true,"showFlares":true,"showImageEffects":true,"showParticleSystems":true,"showVisualEffectGraphs":true,"m_FxEnabled":true},"in2DMode":false,"pivot":{"x":-2.7716987133026125,"y":0.48026323318481448,"z":-2.0966103076934816},"rotation":{"x":-0.4200381636619568,"y":0.20454227924346925,"z":-0.09760656207799912,"w":-0.8788579702377319},"size":10.486979484558106,"orthographic":false}